{
  "name": "MultinomialNB",
  "frequency": {
    "I": { "good": 1, "bad": 1 },
    "love": { "good": 1 },
    "you": { "good": 1, "bad": 2 },
    "my": { "good": 1 },
    "friend": { "good": 1, "bad": 1 },
    "hate": { "bad": 1 },
    "are": { "bad": 1 },
    "not": { "bad": 1 }
  },
  "class_names": ["good", "bad"],
  "vocabulary": ["I", "love", "you", "my", "friend", "hate", "are", "not"],
  "log_prior": { "good": -0.6931471805599453, "bad": -0.6931471805599453 },
  "log_likelihood": {
    "I": { "good": 0.15384615384615385, "bad": 0.13333333333333333 },
    "love": { "good": 0.15384615384615385, "bad": 0.06666666666666667 },
    "you": { "good": 0.15384615384615385, "bad": 0.2 },
    "my": { "good": 0.15384615384615385, "bad": 0.06666666666666667 },
    "friend": { "good": 0.15384615384615385, "bad": 0.13333333333333333 },
    "hate": { "good": 0.07692307692307693, "bad": 0.13333333333333333 },
    "are": { "good": 0.07692307692307693, "bad": 0.13333333333333333 },
    "not": { "good": 0.07692307692307693, "bad": 0.13333333333333333 }
  }
}
